{
    "$schema": "https://schema.management.azure.com/schemas/2015-01-01/deploymentTemplate.json#",
    "contentVersion": "1.0.0.0",
    "parameters": {
        "functionAppName": {
            "type": "string"
        },
        "iotHubName": {
            "type": "string"
        },
        "iotHubSku": {
            "type": "string",
            "allowedValues": [
                "F1",
                "S1",
                "S2"
            ],
            "defaultValue": "F1"
        },
        "iotHubCapacity": {
            "type": "int",
            "minValue": 1,
            "defaultValue": 1
        },
        "iotHubExisted": {
            "type": "string",
            "allowedValues": [
                "",
                "existed-"
            ],
            "defaultValue": ""
        }
    },
    "variables": {
        "cognitiveServiceName": "[concat('cognitiveService', uniquestring(resourceGroup().id))]"
    },
    "resources": [
        {
            "name": "[variables('cognitiveServiceName')]",
            "type": "Microsoft.CognitiveServices/accounts",
            "sku": {
                "name": "S1"
            },
            "kind": "SpeechTranslation",
            "apiVersion": "2017-04-18",
            "location": "global",
            "tags": {},
            "properties": {}
        },
        {
            "apiVersion": "2017-05-10",
            "name": "iothubTemplate",
            "type": "Microsoft.Resources/deployments",
            "properties": {
                "parameters": {
                    "iotHubName": {
                        "value": "[parameters('iotHubName')]"
                    },
                    "iotHubSku": {
                        "value": "[parameters('iotHubSku')]"
                    },
                    "iotHubCapacity": {
                        "value": "[parameters('iotHubCapacity')]"
                    }
                },
                "mode": "Incremental",
                "templateLink": {
                    "uri": "[concat('https://raw.githubusercontent.com/VSChina/azureiotdevkit_tools/master/arm-template/', parameters('iotHubExisted'), 'iothub.json#')]"
                }
            }
        },
        {
            "apiVersion": "2017-05-10",
            "name": "functionAppTemplate",
            "type": "Microsoft.Resources/deployments",
            "properties": {
                "parameters": {
                    "functionAppName": {
                        "value": "[parameters('functionAppName')]"
                    },
                    "appSettings": {
                        "value": [
                            {
                                "name": "iotHubConnectionString",
                                "value": "[reference('iothubTemplate').outputs.iotHubConnectionString.value]"
                            },
                            {
                                "name": "eventHubConnectionString",
                                "value": "[reference('iothubTemplate').outputs.eventHubConnectionString.value]"
                            },
                            {
                                "name": "eventHubConnectionPath",
                                "value": "[reference('iothubTemplate').outputs.eventHubConnectionPath.value]"
                            },
                            {
                                "name": "subscriptionKey",
                                "value": "[listKeys(resourceId('Microsoft.CognitiveServices/accounts', variables('cognitiveServiceName')), '2017-04-18').key1]"
                            }
                        ]
                    }
                },
                "mode": "Incremental",
                "templateLink": {
                    "uri": "https://raw.githubusercontent.com/VSChina/azureiotdevkit_tools/master/arm-template/functionapp.json#"
                }
            },
            "dependsOn": [
                "[resourceId('Microsoft.Resources/deployments', 'iothubTemplate')]",
                "[resourceId('Microsoft.CognitiveServices/accounts', variables('cognitiveServiceName'))]"
            ]
        }
    ]
}